is_val_error,reg,stepSize,lastKDays,kout,kin,time_ix,hy_ix,rmse,mae
True,SVR,2,20,0,0,19,0,50.7835407647145,48.72223064073693
True,SVR,2,20,0,0,19,1,50.79018791406508,48.735893363891186
True,SVR,2,20,0,0,19,2,50.49701808315691,48.88541508676145
True,SVR,2,20,0,0,19,3,49.29826130166491,48.25998111976972
True,SVR,2,20,0,0,19,4,31.005463196027307,29.456287080787884
True,SVR,2,20,0,0,19,5,26.371417067693322,23.22758298235016
True,SVR,2,20,0,0,21,0,23.30785199837099,21.169423485558074
True,SVR,2,20,0,0,21,1,23.306494361197917,21.16355303739905
True,SVR,2,20,0,0,21,2,23.00302897992641,20.360356044266187
True,SVR,2,20,0,0,21,3,21.50419031360083,17.796874584244943
True,SVR,2,20,0,0,21,4,13.270543401083472,11.88191694653126
True,SVR,2,20,0,0,21,5,13.988857010332765,11.438612471299889
True,SVR,2,20,0,0,23,0,14.171894608042296,11.747724738647351
True,SVR,2,20,0,0,23,1,14.170807254703396,11.741200966363252
True,SVR,2,20,0,0,23,2,12.796066313303605,10.354346667911114
True,SVR,2,20,0,0,23,3,12.360055887918735,9.22446180699177
True,SVR,2,20,0,0,23,4,13.272516306281062,11.80316600440372
True,SVR,2,20,0,0,23,5,16.764270209395697,12.801083971284116
True,SVR,2,20,0,0,25,0,29.37792474103965,26.932337795361253
True,SVR,2,20,0,0,25,1,29.440292961031624,26.97752815124117
True,SVR,2,20,0,0,25,2,30.195969255770372,27.312717926823904
True,SVR,2,20,0,0,25,3,30.508612531537565,27.300825307244423
True,SVR,2,20,0,0,25,4,39.1596968396964,35.977258672614056
True,SVR,2,20,0,0,25,5,43.454625924697034,38.70046329619742
True,SVR,2,20,0,0,27,0,15.921168882629335,12.093657268065897
True,SVR,2,20,0,0,27,1,15.91398264991629,12.095501252087965
True,SVR,2,20,0,0,27,2,14.965591435082587,11.781070798748118
True,SVR,2,20,0,0,27,3,16.2905984320391,14.172885186473778
True,SVR,2,20,0,0,27,4,21.197792220662503,20.74316069540071
True,SVR,2,20,0,0,27,5,25.965537667254587,23.27576191023446
True,SVR,2,20,0,1,19,0,48.83081049375363,48.52497475733922
True,SVR,2,20,0,1,19,1,48.83638552583234,48.53156575521084
True,SVR,2,20,0,1,19,2,49.2471945667936,48.98165482762981
True,SVR,2,20,0,1,19,3,49.09885601894336,48.796902060318146
True,SVR,2,20,0,1,19,4,31.833459769585435,30.93882442746302
True,SVR,2,20,0,1,19,5,21.20921421104785,18.891434616852205
True,SVR,2,20,0,1,21,0,21.454887439008935,21.121028780115275
True,SVR,2,20,0,1,21,1,21.511636327498955,21.177333255697967
True,SVR,2,20,0,1,21,2,21.45035878342566,20.969148680586848
True,SVR,2,20,0,1,21,3,21.34562967429665,20.34051921155893
True,SVR,2,20,0,1,21,4,8.754686332622688,7.899791162619318
True,SVR,2,20,0,1,21,5,16.484487595526616,15.052893602393393
True,SVR,2,20,0,1,23,0,14.143907761094592,10.27502954246331
True,SVR,2,20,0,1,23,1,14.161369713922822,10.282270907269572
True,SVR,2,20,0,1,23,2,14.197036785934518,10.00794954052523
True,SVR,2,20,0,1,23,3,12.449538532028347,9.011771636491886
True,SVR,2,20,0,1,23,4,12.65858035183715,11.459645582081059
True,SVR,2,20,0,1,23,5,17.875932901953608,16.363886835243886
True,SVR,2,20,0,1,25,0,28.26503595895307,25.53743588724392
True,SVR,2,20,0,1,25,1,28.24898226679774,25.52597780423846
True,SVR,2,20,0,1,25,2,28.153059123254657,25.58410856500842
True,SVR,2,20,0,1,25,3,28.05748959021161,26.132813282250158
True,SVR,2,20,0,1,25,4,40.018982219677824,38.36971030372133
True,SVR,2,20,0,1,25,5,43.79911417210803,41.95252142561558
True,SVR,2,20,0,1,27,0,13.50191027168265,12.741242078212833
True,SVR,2,20,0,1,27,1,13.473391643326423,12.720796267844193
True,SVR,2,20,0,1,27,2,13.335989322217076,12.819556850919748
True,SVR,2,20,0,1,27,3,14.067440361555104,13.446696153779314
True,SVR,2,20,0,1,27,4,20.458282934717282,18.65008069209222
True,SVR,2,20,0,1,27,5,30.125425721275565,28.483765748049475
True,SVR,2,20,0,2,19,0,59.81018828150403,56.20400353888768
True,SVR,2,20,0,2,19,1,59.792290501668816,56.193444479785846
True,SVR,2,20,0,2,19,2,59.083968408128094,55.92681292703735
True,SVR,2,20,0,2,19,3,58.09847351796966,55.367411067391366
True,SVR,2,20,0,2,19,4,44.0639687048214,39.787056089597016
True,SVR,2,20,0,2,19,5,26.62487488681317,25.683120650477434
True,SVR,2,20,0,2,21,0,46.15377725395781,32.18234222182312
True,SVR,2,20,0,2,21,1,46.115632553471336,32.14485078965952
True,SVR,2,20,0,2,21,2,44.97433383791326,31.65384320242114
True,SVR,2,20,0,2,21,3,43.13990330681761,30.08078950228679
True,SVR,2,20,0,2,21,4,35.48196061059535,22.247484421952322
True,SVR,2,20,0,2,21,5,22.799144892894727,19.45216780123489
True,SVR,2,20,0,2,23,0,6.860025060229694,6.460993774163327
True,SVR,2,20,0,2,23,1,6.83899278129896,6.447437741634099
True,SVR,2,20,0,2,23,2,4.964797348618876,4.778564969330754
True,SVR,2,20,0,2,23,3,3.409749443378254,2.755304002151834
True,SVR,2,20,0,2,23,4,14.045634570800573,12.798005631106145
True,SVR,2,20,0,2,23,5,20.5661051695942,19.909402455684948
True,SVR,2,20,0,2,25,0,32.504258865670934,32.17698755069726
True,SVR,2,20,0,2,25,1,32.513832287113395,32.19052579969025
True,SVR,2,20,0,2,25,2,33.41699469811855,33.30317239329133
True,SVR,2,20,0,2,25,3,33.227391755819845,33.13158178908664
True,SVR,2,20,0,2,25,4,45.48542223753669,45.19430660786237
True,SVR,2,20,0,2,25,5,53.755407467761216,53.21959251120145
True,SVR,2,20,0,2,27,0,20.407380296418438,19.75876713803849
True,SVR,2,20,0,2,27,1,20.384813527144107,19.739252200582584
True,SVR,2,20,0,2,27,2,20.172678475714118,19.731744074714364
True,SVR,2,20,0,2,27,3,21.876323828805187,21.52486444125928
True,SVR,2,20,0,2,27,4,30.123176611586942,29.378144675221982
True,SVR,2,20,0,2,27,5,37.82472913644891,37.22518332272217
True,SVR,2,20,0,3,19,0,58.726816623789546,58.18741998466098
True,SVR,2,20,0,3,19,1,58.71429675389152,58.17598556089561
True,SVR,2,20,0,3,19,2,57.309850879147056,56.83643370527878
True,SVR,2,20,0,3,19,3,56.71219584541776,56.29522655503926
True,SVR,2,20,0,3,19,4,38.74275377402839,38.12068288755659
True,SVR,2,20,0,3,19,5,28.251896232023896,27.15333635013361
True,SVR,2,20,0,3,21,0,25.51299575194469,25.308401638658125
True,SVR,2,20,0,3,21,1,25.540171550909243,25.336636772603793
True,SVR,2,20,0,3,21,2,24.444079206643316,24.26833517236486
True,SVR,2,20,0,3,21,3,22.773984510063,22.54981969951174
True,SVR,2,20,0,3,21,4,4.017488227850151,3.2908324351831433
True,SVR,2,20,0,3,21,5,11.300608376725965,10.078477751076974
True,SVR,2,20,0,3,23,0,15.908143706160066,14.97008417977152
True,SVR,2,20,0,3,23,1,15.929150278912621,14.984932706805928
True,SVR,2,20,0,3,23,2,14.168263307257455,13.410198070681247
True,SVR,2,20,0,3,23,3,11.785605006008621,11.076006258436719
True,SVR,2,20,0,3,23,4,7.766676463395779,5.5513536495504425
True,SVR,2,20,0,3,23,5,12.442994552495424,11.389048651088574
True,SVR,2,20,0,3,25,0,25.917703710818323,25.50818974434131
True,SVR,2,20,0,3,25,1,25.940821289604433,25.53298439993472
True,SVR,2,20,0,3,25,2,27.33224044744743,26.990648198910147
True,SVR,2,20,0,3,25,3,29.105096686243478,28.76303851993421
True,SVR,2,20,0,3,25,4,39.33178811401021,39.07053927207129
True,SVR,2,20,0,3,25,5,46.969495641723114,46.45040698957468
True,SVR,2,20,0,3,27,0,13.366630184254028,8.996797944080978
True,SVR,2,20,0,3,27,1,13.357441271787629,8.985963305467056
True,SVR,2,20,0,3,27,2,13.237556263839204,9.487849803118378
True,SVR,2,20,0,3,27,3,15.07779056134339,12.92729686748902
True,SVR,2,20,0,3,27,4,22.332686809333133,21.138492225740247
True,SVR,2,20,0,3,27,5,25.44847657424938,24.39278812842602
True,SVR,2,20,0,4,19,0,53.34289339791766,51.62081690627201
True,SVR,2,20,0,4,19,1,53.35497862294076,51.638335652834364
True,SVR,2,20,0,4,19,2,53.5320700882072,52.09146603213799
True,SVR,2,20,0,4,19,3,53.373111638922246,52.368165570468385
True,SVR,2,20,0,4,19,4,36.152892165710256,34.721880216362884
True,SVR,2,20,0,4,19,5,28.778082769344955,27.361652299476066
True,SVR,2,20,0,4,21,0,19.080370210985105,16.110391008936425
True,SVR,2,20,0,4,21,1,19.07736269819091,16.103910089364096
True,SVR,2,20,0,4,21,2,18.67124036292518,16.182569534161043
True,SVR,2,20,0,4,21,3,17.431250561420455,15.725307015040558
True,SVR,2,20,0,4,21,4,9.762118215315152,8.986161650308881
True,SVR,2,20,0,4,21,5,17.12824087648685,15.050322362021356
True,SVR,2,20,0,4,23,0,14.524638628115452,12.37310436594503
True,SVR,2,20,0,4,23,1,14.515849660231726,12.356043659450158
True,SVR,2,20,0,4,23,2,13.564684771022108,10.758133655165429
True,SVR,2,20,0,4,23,3,12.328118969757956,8.460911817837138
True,SVR,2,20,0,4,23,4,13.920899625501992,13.187074739307048
True,SVR,2,20,0,4,23,5,18.130986204924,16.912317568197118
True,SVR,2,20,0,4,25,0,31.49300590968584,30.12188894042502
True,SVR,2,20,0,4,25,1,31.462447500069864,30.095620734415434
True,SVR,2,20,0,4,25,2,30.780277276594326,29.714156305757488
True,SVR,2,20,0,4,25,3,29.696573476675958,28.9148289537123
True,SVR,2,20,0,4,25,4,41.81180334932164,41.22131367581279
True,SVR,2,20,0,4,25,5,44.24787594148864,43.059021081998395
True,SVR,2,20,0,4,27,0,21.69122246921467,18.040504554866363
True,SVR,2,20,0,4,27,1,21.687523546604837,18.030045548663622
True,SVR,2,20,0,4,27,2,20.368632518822817,16.752777316215752
True,SVR,2,20,0,4,27,3,19.259278812835486,16.152604018210592
True,SVR,2,20,0,4,27,4,26.50714251082827,24.496487771749855
True,SVR,2,20,0,4,27,5,26.82593981084931,25.691988008584314
False,SVR,2,20,0,-1,19,5,35.46887644018719,32.73170383322008
False,SVR,2,20,0,-1,21,5,13.886063726580959,12.437971960234343
False,SVR,2,20,0,-1,23,5,14.736272598042818,13.534106179958927
False,SVR,2,20,0,-1,25,5,37.25502286670646,35.79561673021238
False,SVR,2,20,0,-1,27,5,23.78407988531036,21.839529151948884
True,SVR,2,20,1,0,19,0,48.11439533779621,46.172774883926614
True,SVR,2,20,1,0,19,1,48.100375888840574,46.16369604423561
True,SVR,2,20,1,0,19,2,47.94903587560656,46.39684388246815
True,SVR,2,20,1,0,19,3,48.55706452538597,47.47911876224474
True,SVR,2,20,1,0,19,4,36.764105839417,34.68893707496621
True,SVR,2,20,1,0,19,5,39.33533002678819,32.97825810844137
True,SVR,2,20,1,0,21,0,15.782364399759825,14.537219939751974
True,SVR,2,20,1,0,21,1,15.755483530675399,14.51969939751985
True,SVR,2,20,1,0,21,2,15.48170339517282,14.41140321387295
True,SVR,2,20,1,0,21,3,15.137325024808675,13.308850782722349
True,SVR,2,20,1,0,21,4,11.197627778237814,9.622663657484072
True,SVR,2,20,1,0,21,5,17.699830684114605,16.61576597265894
True,SVR,2,20,1,0,23,0,16.050186238560666,13.908690760471018
True,SVR,2,20,1,0,23,1,16.04191526950373,13.89809181523617
True,SVR,2,20,1,0,23,2,15.056140002771494,12.698236265219814
True,SVR,2,20,1,0,23,3,13.926728077095914,11.303769586818063
True,SVR,2,20,1,0,23,4,12.298522891169279,9.800605697048828
True,SVR,2,20,1,0,23,5,22.760477378920843,20.96018681472093
True,SVR,2,20,1,0,25,0,30.23976588986349,26.396648419179147
True,SVR,2,20,1,0,25,1,30.220930062828657,26.386127048934213
True,SVR,2,20,1,0,25,2,29.886012071008608,26.75111847185165
True,SVR,2,20,1,0,25,3,29.07510465584392,26.71627336127655
True,SVR,2,20,1,0,25,4,37.40604866612219,35.778380056262385
True,SVR,2,20,1,0,25,5,41.043742266530174,38.38062522942123
True,SVR,2,20,1,0,27,0,21.29686130769351,16.177999949914753
True,SVR,2,20,1,0,27,1,21.2660872263352,16.154999499147298
True,SVR,2,20,1,0,27,2,20.245238659154534,15.599535961852181
True,SVR,2,20,1,0,27,3,17.461792939707674,15.043796630300333
True,SVR,2,20,1,0,27,4,21.73297746636731,20.901230805139488
True,SVR,2,20,1,0,27,5,26.180466365637624,21.78613884301707
True,SVR,2,20,1,1,19,0,48.25229519636529,46.79229104048638
True,SVR,2,20,1,1,19,1,48.241625397901224,46.784351421665825
True,SVR,2,20,1,1,19,2,48.17181271413445,46.9317680515065
True,SVR,2,20,1,1,19,3,47.64988821489368,46.64351936268954
True,SVR,2,20,1,1,19,4,27.388201911186552,23.19519382120437
True,SVR,2,20,1,1,19,5,21.818636437495016,21.065821510042394
True,SVR,2,20,1,1,21,0,22.14641163386405,19.994845285478004
True,SVR,2,20,1,1,21,1,22.114403236367764,19.967771036598467
True,SVR,2,20,1,1,21,2,21.886947616385815,19.77326064383685
True,SVR,2,20,1,1,21,3,21.649418000961003,19.75819191079753
True,SVR,2,20,1,1,21,4,17.55549349507377,11.540406417424899
True,SVR,2,20,1,1,21,5,31.33708321281007,25.196917047059387
True,SVR,2,20,1,1,23,0,9.550086546584692,8.948592392837545
True,SVR,2,20,1,1,23,1,9.539986683057549,8.937010884897234
True,SVR,2,20,1,1,23,2,8.825852506020382,8.05401588752824
True,SVR,2,20,1,1,23,3,6.866665490856472,5.722935870937106
True,SVR,2,20,1,1,23,4,22.99216115214425,19.465780426946168
True,SVR,2,20,1,1,23,5,50.25426839211684,38.79663533931653
True,SVR,2,20,1,1,25,0,30.01582303237503,29.46103975259423
True,SVR,2,20,1,1,25,1,30.0206709185562,29.468030217504516
True,SVR,2,20,1,1,25,2,30.812402259447246,30.439940415662647
True,SVR,2,20,1,1,25,3,30.331573707008868,30.109906862134846
True,SVR,2,20,1,1,25,4,46.579816802019536,46.22321298555232
True,SVR,2,20,1,1,25,5,49.3239637489211,49.137674907129984
True,SVR,2,20,1,1,27,0,17.068609250674175,14.493110151033596
True,SVR,2,20,1,1,27,1,17.041131732233886,14.465982933261268
True,SVR,2,20,1,1,27,2,15.831942646204977,13.448417538938017
True,SVR,2,20,1,1,27,3,16.25846380057849,14.38976536488429
True,SVR,2,20,1,1,27,4,24.761890070300538,23.50131767441752
True,SVR,2,20,1,1,27,5,27.857456501409704,26.629661598766962
True,SVR,2,20,1,2,19,0,55.68826998991003,55.01559149701037
True,SVR,2,20,1,2,19,1,55.677416342192565,55.00730760423314
True,SVR,2,20,1,2,19,2,55.21915671025496,54.71420193275552
True,SVR,2,20,1,2,19,3,54.604814543408644,54.23382326754674
True,SVR,2,20,1,2,19,4,38.212481077703174,37.19980666781697
True,SVR,2,20,1,2,19,5,31.7467212471922,29.185143727676234
True,SVR,2,20,1,2,21,0,21.94434030115749,21.493556079001554
True,SVR,2,20,1,2,21,1,21.95003887158994,21.498060790015845
True,SVR,2,20,1,2,21,2,21.08209196909538,20.449989286226764
True,SVR,2,20,1,2,21,3,20.503349771212488,19.506692272322645
True,SVR,2,20,1,2,21,4,6.326392316853659,5.341464845463108
True,SVR,2,20,1,2,21,5,12.077834223682954,11.240381021274805
True,SVR,2,20,1,2,23,0,13.233493968926606,11.560777799589017
True,SVR,2,20,1,2,23,1,13.202190472971733,11.530458382956839
True,SVR,2,20,1,2,23,2,11.747365378080273,9.90624720896807
True,SVR,2,20,1,2,23,3,9.227985130684054,8.150422956321338
True,SVR,2,20,1,2,23,4,11.52715002886848,9.633866067253008
True,SVR,2,20,1,2,23,5,19.952934586114658,16.42958383334831
True,SVR,2,20,1,2,25,0,27.990590356572646,26.24110462871339
True,SVR,2,20,1,2,25,1,27.999494442842725,26.25531135288405
True,SVR,2,20,1,2,25,2,28.42867435961297,26.98134948718663
True,SVR,2,20,1,2,25,3,29.981875580020265,28.84891894437806
True,SVR,2,20,1,2,25,4,40.36876519505588,39.80291774576816
True,SVR,2,20,1,2,25,5,47.32673899188101,46.4497284221012
True,SVR,2,20,1,2,27,0,18.463377644654848,16.035612817543416
True,SVR,2,20,1,2,27,1,18.43572790219977,16.015168000329993
True,SVR,2,20,1,2,27,2,18.2204504236797,16.03141441385139
True,SVR,2,20,1,2,27,3,18.78615760905189,16.508588534388746
True,SVR,2,20,1,2,27,4,26.244285218616177,23.600975450608342
True,SVR,2,20,1,2,27,5,35.23957204419441,32.32060116650084
True,SVR,2,20,1,3,19,0,52.500057808934365,52.144306634245474
True,SVR,2,20,1,3,19,1,52.51045950118628,52.15556634245467
True,SVR,2,20,1,3,19,2,52.15647743201066,51.837866534897934
True,SVR,2,20,1,3,19,3,51.3356438728639,51.02011661744987
True,SVR,2,20,1,3,19,4,32.14140255922,31.6635413835254
True,SVR,2,20,1,3,19,5,21.965012234285073,20.949402895642095
True,SVR,2,20,1,3,21,0,25.649797000671832,24.221397445843156
True,SVR,2,20,1,3,21,1,25.678532141653157,24.247903029859895
True,SVR,2,20,1,3,21,2,25.877610474753663,24.190220246082173
True,SVR,2,20,1,3,21,3,24.69672336103127,22.63759835188903
True,SVR,2,20,1,3,21,4,10.538533651068969,8.918648341881477
True,SVR,2,20,1,3,21,5,15.533856706199606,14.270271822767922
True,SVR,2,20,1,3,23,0,10.491158707584274,8.794296865067743
True,SVR,2,20,1,3,23,1,10.486324975079992,8.791832287041256
True,SVR,2,20,1,3,23,2,9.044911802829306,7.196688203797862
True,SVR,2,20,1,3,23,3,7.574738076843848,5.572308396394194
True,SVR,2,20,1,3,23,4,14.263035486663016,13.184753808369193
True,SVR,2,20,1,3,23,5,19.053494153105014,18.29859582285902
True,SVR,2,20,1,3,25,0,26.800104671384197,26.49573572272044
True,SVR,2,20,1,3,25,1,26.82376343785046,26.518432223126883
True,SVR,2,20,1,3,25,2,27.669271993235878,27.280955156946618
True,SVR,2,20,1,3,25,3,29.504010545303938,28.995484965821777
True,SVR,2,20,1,3,25,4,42.633037626699235,42.20868825816726
True,SVR,2,20,1,3,25,5,48.023536356472505,47.611110543601065
True,SVR,2,20,1,3,27,0,10.977177176032137,10.109081694044772
True,SVR,2,20,1,3,27,1,10.962847379451825,10.090816940447766
True,SVR,2,20,1,3,27,2,11.387008920083494,10.362912774322364
True,SVR,2,20,1,3,27,3,13.338197471383474,12.217713725436328
True,SVR,2,20,1,3,27,4,22.576169115265262,21.747912884601437
True,SVR,2,20,1,3,27,5,27.75325834822488,27.162764838141456
True,SVR,2,20,1,4,19,0,60.502149087971226,59.928306103251316
True,SVR,2,20,1,4,19,1,60.48104322889659,59.90806103251328
True,SVR,2,20,1,4,19,2,59.85144176404065,59.337504689855905
True,SVR,2,20,1,4,19,3,60.274323507215875,59.72059022505772
True,SVR,2,20,1,4,19,4,45.78511627519182,44.482574666061176
True,SVR,2,20,1,4,19,5,36.251410798948996,34.620638372549514
True,SVR,2,20,1,4,21,0,25.817958299549936,23.70620650073644
True,SVR,2,20,1,4,21,1,25.816749971028347,23.709045175092943
True,SVR,2,20,1,4,21,2,25.161430976362062,23.340849343089626
True,SVR,2,20,1,4,21,3,23.168505047229548,21.79361838253914
True,SVR,2,20,1,4,21,4,5.812328101215132,4.22044553902096
True,SVR,2,20,1,4,21,5,12.564240747393486,11.258771414607757
True,SVR,2,20,1,4,23,0,19.07056378731797,17.038595634289027
True,SVR,2,20,1,4,23,1,19.063613559840004,17.03595634289106
True,SVR,2,20,1,4,23,2,17.68634717211533,15.788915643320399
True,SVR,2,20,1,4,23,3,15.656726794714338,13.982082619303204
True,SVR,2,20,1,4,23,4,7.045999118964601,6.510796742671147
True,SVR,2,20,1,4,23,5,10.282513103726737,8.851213096186735
True,SVR,2,20,1,4,25,0,25.41267055297991,24.915785045620044
True,SVR,2,20,1,4,25,1,25.43192299981129,24.935567847504988
True,SVR,2,20,1,4,25,2,26.708989687042845,26.216675852280673
True,SVR,2,20,1,4,25,3,27.406279863415026,26.867711576611757
True,SVR,2,20,1,4,25,4,40.6427579397802,40.107441978027246
True,SVR,2,20,1,4,25,5,43.03313392565777,42.52804296651677
True,SVR,2,20,1,4,27,0,17.03523587325656,13.742770024846555
True,SVR,2,20,1,4,27,1,17.055792171610587,13.753209424108638
True,SVR,2,20,1,4,27,2,16.72133444567616,13.75434398454424
True,SVR,2,20,1,4,27,3,16.294249626963907,14.082380252496469
True,SVR,2,20,1,4,27,4,23.55884336211335,21.020310925936805
True,SVR,2,20,1,4,27,5,30.12931951487367,28.23864459875648
False,SVR,2,20,1,-1,19,5,28.409271705296128,26.297623996846614
False,SVR,2,20,1,-1,21,5,22.890760634319566,15.923961193902423
False,SVR,2,20,1,-1,23,5,18.06731719102155,16.41591194045962
False,SVR,2,20,1,-1,25,5,40.847550537148834,39.27190454411608
False,SVR,2,20,1,-1,27,5,26.54403541765745,26.16346766319895
True,SVR,2,20,2,0,19,0,55.36256192680604,53.99985315685861
True,SVR,2,20,2,0,19,1,55.34471878750812,53.989440659495024
True,SVR,2,20,2,0,19,2,54.83881060121611,54.01363719723745
True,SVR,2,20,2,0,19,3,53.71658150215883,53.25551437846781
True,SVR,2,20,2,0,19,4,37.60562269790545,36.94016238795049
True,SVR,2,20,2,0,19,5,32.88293079476957,31.443265822096105
True,SVR,2,20,2,0,21,0,19.260054790225496,16.73640364959199
True,SVR,2,20,2,0,21,1,19.236127121491887,16.715741590959293
True,SVR,2,20,2,0,21,2,18.823391600110966,16.054816269754355
True,SVR,2,20,2,0,21,3,17.803072782116306,14.922274689472962
True,SVR,2,20,2,0,21,4,12.66575482633808,11.835338769454905
True,SVR,2,20,2,0,21,5,16.915159199222458,13.907616481394307
True,SVR,2,20,2,0,23,0,11.236736309453542,8.671574052560231
True,SVR,2,20,2,0,23,1,11.20585947529645,8.640740525602196
True,SVR,2,20,2,0,23,2,8.541040863294212,6.497249816050263
True,SVR,2,20,2,0,23,3,5.7847490025643165,4.850262565885987
True,SVR,2,20,2,0,23,4,12.808729945195322,11.579931018043403
True,SVR,2,20,2,0,23,5,19.754997537739182,17.876196238702935
True,SVR,2,20,2,0,25,0,31.78486087922223,30.980606035761767
True,SVR,2,20,2,0,25,1,31.774695494404032,30.976514903071898
True,SVR,2,20,2,0,25,2,31.3360904889219,30.787900278383557
True,SVR,2,20,2,0,25,3,32.06400816478946,31.05647583959625
True,SVR,2,20,2,0,25,4,43.85455977668385,42.347600505787305
True,SVR,2,20,2,0,25,5,49.994397236625254,45.357517381495974
True,SVR,2,20,2,0,27,0,19.65703281030387,15.230803429885322
True,SVR,2,20,2,0,27,1,19.653784091745162,15.24880048159522
True,SVR,2,20,2,0,27,2,18.915847914734346,15.911738858921225
True,SVR,2,20,2,0,27,3,18.704707611543114,17.16647813862897
True,SVR,2,20,2,0,27,4,26.87339019805645,26.197858600042206
True,SVR,2,20,2,0,27,5,32.78999010650184,29.699405889934344
True,SVR,2,20,2,1,19,0,46.43296687792154,44.982625659136154
True,SVR,2,20,2,1,19,1,46.43320681880758,44.98762022772511
True,SVR,2,20,2,1,19,2,47.742735943699735,46.64922581467403
True,SVR,2,20,2,1,19,3,48.40568499583331,47.784850411666554
True,SVR,2,20,2,1,19,4,30.407469165255545,27.849039407657994
True,SVR,2,20,2,1,19,5,25.247154056875658,22.72405832639448
True,SVR,2,20,2,1,21,0,18.47140410990375,16.33356855023842
True,SVR,2,20,2,1,21,1,18.448549338619394,16.31756810278119
True,SVR,2,20,2,1,21,2,18.40450611691275,16.354667757198467
True,SVR,2,20,2,1,21,3,18.349642827019462,16.75452746122531
True,SVR,2,20,2,1,21,4,16.27503735212092,11.81727766665106
True,SVR,2,20,2,1,21,5,24.808792640492758,20.46378647650535
True,SVR,2,20,2,1,23,0,10.284695346378296,9.494211010210838
True,SVR,2,20,2,1,23,1,10.2646984648766,9.481487444887918
True,SVR,2,20,2,1,23,2,8.646426437688161,7.932126494055627
True,SVR,2,20,2,1,23,3,6.4536175164843685,5.153679240219135
True,SVR,2,20,2,1,23,4,17.165529563992077,14.233407556404389
True,SVR,2,20,2,1,23,5,26.357918704385835,21.1856044154059
True,SVR,2,20,2,1,25,0,35.0399144133577,33.94570239252502
True,SVR,2,20,2,1,25,1,35.0059191855813,33.918387561613834
True,SVR,2,20,2,1,25,2,33.097114195747565,32.41221309945552
True,SVR,2,20,2,1,25,3,31.861116896584292,31.594281504703332
True,SVR,2,20,2,1,25,4,45.6913010436713,45.12757183178055
True,SVR,2,20,2,1,25,5,45.50009062495017,44.69912486293877
True,SVR,2,20,2,1,27,0,23.027543503028106,19.81207021726747
True,SVR,2,20,2,1,27,1,22.98864906393684,19.780583595600074
True,SVR,2,20,2,1,27,2,21.466090558040314,18.95080727218928
True,SVR,2,20,2,1,27,3,18.195866623194348,16.80526583066457
True,SVR,2,20,2,1,27,4,29.311579832625902,27.69179673756234
True,SVR,2,20,2,1,27,5,26.526039863399088,24.493615603767086
True,SVR,2,20,2,2,19,0,61.39788508528963,58.705624286253105
True,SVR,2,20,2,2,19,1,61.392912431993516,58.706978156648695
True,SVR,2,20,2,2,19,2,61.111621241522215,58.8246161543454
True,SVR,2,20,2,2,19,3,60.49565172266762,58.38989788695719
True,SVR,2,20,2,2,19,4,45.32608514228124,41.17856915584244
True,SVR,2,20,2,2,19,5,31.983844589496208,29.22797585481281
True,SVR,2,20,2,2,21,0,47.45141942471479,35.39080724588469
True,SVR,2,20,2,2,21,1,47.45258839508561,35.40807245884687
True,SVR,2,20,2,2,21,2,46.73159117726188,35.412080172240856
True,SVR,2,20,2,2,21,3,46.19781811749936,35.222190443498526
True,SVR,2,20,2,2,21,4,35.2726281774255,19.32919413104521
True,SVR,2,20,2,2,21,5,24.625751627583597,17.42094699644973
True,SVR,2,20,2,2,23,0,14.948734652765825,12.135112371933024
True,SVR,2,20,2,2,23,1,14.939284242288512,12.113723726418417
True,SVR,2,20,2,2,23,2,14.084604875667178,10.635304049393989
True,SVR,2,20,2,2,23,3,12.079975711550425,9.515425821487522
True,SVR,2,20,2,2,23,4,12.92958643237412,11.369954341377976
True,SVR,2,20,2,2,23,5,15.278799747138416,13.377982433052392
True,SVR,2,20,2,2,25,0,26.26449202915748,22.297808046031797
True,SVR,2,20,2,2,25,1,26.241692045401866,22.281341329883357
True,SVR,2,20,2,2,25,2,25.67001440475433,21.83432977303831
True,SVR,2,20,2,2,25,3,24.811009018482597,21.805421499995454
True,SVR,2,20,2,2,25,4,35.5985872399673,34.07652656448361
True,SVR,2,20,2,2,25,5,38.24641829747576,36.84356880370488
True,SVR,2,20,2,2,27,0,20.71198403733303,17.475665193656248
True,SVR,2,20,2,2,27,1,20.70356409014632,17.468282371345133
True,SVR,2,20,2,2,27,2,19.59284556454846,16.479364439158076
True,SVR,2,20,2,2,27,3,18.781508226629427,15.507978383993148
True,SVR,2,20,2,2,27,4,26.24075432094595,23.663990682745244
True,SVR,2,20,2,2,27,5,27.568074429113405,25.717217479079956
True,SVR,2,20,2,3,19,0,53.88729743469428,52.87161541621996
True,SVR,2,20,2,3,19,1,53.848647036351004,52.835472344017944
True,SVR,2,20,2,3,19,2,53.142507901584985,52.31818088292659
True,SVR,2,20,2,3,19,3,50.968651516158225,50.198488940679205
True,SVR,2,20,2,3,19,4,33.03426064968977,31.94204710316821
True,SVR,2,20,2,3,19,5,22.310016351968127,19.65208580767818
True,SVR,2,20,2,3,21,0,26.941577959684384,25.668943356855593
True,SVR,2,20,2,3,21,1,26.92247216627253,25.645955307686496
True,SVR,2,20,2,3,21,2,26.530173633697004,24.965478873166806
True,SVR,2,20,2,3,21,3,25.18043960775505,23.193904333781376
True,SVR,2,20,2,3,21,4,10.599956516208929,8.481981129900655
True,SVR,2,20,2,3,21,5,16.975266394230815,15.438888486631024
True,SVR,2,20,2,3,23,0,14.79796626998856,13.06064394364548
True,SVR,2,20,2,3,23,1,14.762085390006046,13.033386662491553
True,SVR,2,20,2,3,23,2,13.533851075672267,12.381623177377799
True,SVR,2,20,2,3,23,3,10.710410574299056,9.876210334466842
True,SVR,2,20,2,3,23,4,9.89594676007676,8.925763398604559
True,SVR,2,20,2,3,23,5,16.558516252948387,15.781307568398566
True,SVR,2,20,2,3,25,0,25.58304670781915,25.12261748145177
True,SVR,2,20,2,3,25,1,25.581630634022932,25.120740031908976
True,SVR,2,20,2,3,25,2,27.739536351397746,27.234816397910578
True,SVR,2,20,2,3,25,3,29.49879090205409,28.81140977747148
True,SVR,2,20,2,3,25,4,42.23155366503488,41.717857459280836
True,SVR,2,20,2,3,25,5,48.57596579203002,47.94624436093333
True,SVR,2,20,2,3,27,0,9.131376862676825,7.705071761108571
True,SVR,2,20,2,3,27,1,9.10152112922022,7.6757176110862595
True,SVR,2,20,2,3,27,2,9.769291823377005,8.634739530568162
True,SVR,2,20,2,3,27,3,11.94970126974238,10.838485589192517
True,SVR,2,20,2,3,27,4,21.396817172843623,20.719915106352428
True,SVR,2,20,2,3,27,5,26.11092314938641,25.12050272487355
True,SVR,2,20,2,4,19,0,56.65765382621905,55.922283672123314
True,SVR,2,20,2,4,19,1,56.64348103339429,55.910336721233584
True,SVR,2,20,2,4,19,2,56.30795898526612,55.705633252653534
True,SVR,2,20,2,4,19,3,55.225485828289024,54.66881683587633
True,SVR,2,20,2,4,19,4,38.422598472009646,37.792557849517955
True,SVR,2,20,2,4,19,5,28.65125824473314,26.70255438850951
True,SVR,2,20,2,4,21,0,23.331303961943274,22.077136631501162
True,SVR,2,20,2,4,21,1,23.26331674551121,22.009212164813835
True,SVR,2,20,2,4,21,2,22.215575702846106,21.15206824230995
True,SVR,2,20,2,4,21,3,21.74247209675422,20.987277656109715
True,SVR,2,20,2,4,21,4,5.737231948555621,5.490419339520997
True,SVR,2,20,2,4,21,5,14.765308736794433,13.538858122930284
True,SVR,2,20,2,4,23,0,15.816778070788503,14.619167699145708
True,SVR,2,20,2,4,23,1,15.767704779154906,14.56780838025791
True,SVR,2,20,2,4,23,2,14.731022711610217,13.140591198767774
True,SVR,2,20,2,4,23,3,12.92399434903922,10.617911484134487
True,SVR,2,20,2,4,23,4,11.891176903279149,11.09360025264526
True,SVR,2,20,2,4,23,5,18.583617145339876,16.237877800490793
True,SVR,2,20,2,4,25,0,28.44303756805466,27.73609019939649
True,SVR,2,20,2,4,25,1,28.438495151543403,27.73436245916226
True,SVR,2,20,2,4,25,2,30.33868650775539,29.825588840177506
True,SVR,2,20,2,4,25,3,30.784579278734014,30.34913795272975
True,SVR,2,20,2,4,25,4,45.244970409028284,44.856424574381485
True,SVR,2,20,2,4,25,5,51.080801241703185,50.427760789148
True,SVR,2,20,2,4,27,0,18.86516234804098,15.247450218834013
True,SVR,2,20,2,4,27,1,18.8634711100172,15.24722946106744
True,SVR,2,20,2,4,27,2,18.626787954525007,15.149288257736387
True,SVR,2,20,2,4,27,3,18.74151278141266,16.3526733185257
True,SVR,2,20,2,4,27,4,27.140339654160517,24.86471198761856
True,SVR,2,20,2,4,27,5,32.23487512854614,31.429485690638284
False,SVR,2,20,2,-1,19,5,25.061216868413897,21.18989939619119
False,SVR,2,20,2,-1,21,5,17.53055961772822,15.169965021131286
False,SVR,2,20,2,-1,23,5,22.390937332141718,21.65517578923068
False,SVR,2,20,2,-1,25,5,45.235887803179565,43.341639460247876
False,SVR,2,20,2,-1,27,5,31.707037378444962,28.79363060083092
True,SVR,2,20,3,0,19,0,51.30138869724488,49.401259449157436
True,SVR,2,20,3,0,19,1,51.29916094789166,49.407237348717395
True,SVR,2,20,3,0,19,2,50.775133634132146,49.38380880506003
True,SVR,2,20,3,0,19,3,49.804415347330746,48.71053176258527
True,SVR,2,20,3,0,19,4,36.2221150393225,33.99792018915969
True,SVR,2,20,3,0,19,5,31.21170093248869,26.60036458348618
True,SVR,2,20,3,0,21,0,20.21749432737261,18.129701841987167
True,SVR,2,20,3,0,21,1,20.204537687046383,18.111791147144494
True,SVR,2,20,3,0,21,2,20.206842650052856,17.495751912014523
True,SVR,2,20,3,0,21,3,19.752076769997657,16.564738793956938
True,SVR,2,20,3,0,21,4,10.715340866195978,9.646331163973185
True,SVR,2,20,3,0,21,5,16.092347595100723,15.400583333035643
True,SVR,2,20,3,0,23,0,11.48074116393615,9.482744530124615
True,SVR,2,20,3,0,23,1,11.429757787129583,9.447817010839167
True,SVR,2,20,3,0,23,2,9.656073015653657,8.026546212580643
True,SVR,2,20,3,0,23,3,7.438671612295739,6.403781148264218
True,SVR,2,20,3,0,23,4,12.383074176357898,10.621559205669763
True,SVR,2,20,3,0,23,5,20.424302597897828,19.42598334407415
True,SVR,2,20,3,0,25,0,30.518377893001002,30.17748995744002
True,SVR,2,20,3,0,25,1,30.509571030652662,30.170354119854483
True,SVR,2,20,3,0,25,2,31.640293504574913,31.27023945791829
True,SVR,2,20,3,0,25,3,32.46210455265076,31.617798614865507
True,SVR,2,20,3,0,25,4,44.35380512859362,43.60456237817257
True,SVR,2,20,3,0,25,5,51.40605929785569,49.122402364794596
True,SVR,2,20,3,0,27,0,15.74048976672512,12.504808983227198
True,SVR,2,20,3,0,27,1,15.71189756830086,12.48527242601483
True,SVR,2,20,3,0,27,2,15.302512311570199,12.036429396144419
True,SVR,2,20,3,0,27,3,16.291261268228784,13.42545273098753
True,SVR,2,20,3,0,27,4,21.618792103757205,19.15842438705473
True,SVR,2,20,3,0,27,5,31.376586111569182,26.79376065023384
True,SVR,2,20,3,1,19,0,49.50750576584568,48.82877756076421
True,SVR,2,20,3,1,19,1,49.498306615964005,48.82215881316415
True,SVR,2,20,3,1,19,2,49.98948316043023,49.49698422360554
True,SVR,2,20,3,1,19,3,50.68710643002987,50.35660662055225
True,SVR,2,20,3,1,19,4,34.53993242673438,34.07361640665905
True,SVR,2,20,3,1,19,5,29.048435977638295,27.579839848926515
True,SVR,2,20,3,1,21,0,26.4812133502067,23.635922724748365
True,SVR,2,20,3,1,21,1,26.46851148112398,23.6192276460278
True,SVR,2,20,3,1,21,2,26.3257100460261,22.92973560329118
True,SVR,2,20,3,1,21,3,25.698040449108724,21.890638198057275
True,SVR,2,20,3,1,21,4,10.519914291082637,8.202467566808528
True,SVR,2,20,3,1,21,5,11.696068925302795,10.850827905078125
True,SVR,2,20,3,1,23,0,17.928062436709432,15.829082690314975
True,SVR,2,20,3,1,23,1,17.931268841472544,15.841566597112617
True,SVR,2,20,3,1,23,2,17.71671046440254,16.132115804362456
True,SVR,2,20,3,1,23,3,16.498306612574876,15.345526538807855
True,SVR,2,20,3,1,23,4,9.12244595075693,8.349637062585995
True,SVR,2,20,3,1,23,5,17.183705414318695,16.504598107722337
True,SVR,2,20,3,1,25,0,22.448838141575127,20.318336421055683
True,SVR,2,20,3,1,25,1,22.45327159111646,20.321298274124526
True,SVR,2,20,3,1,25,2,22.19874322132344,19.990909025870888
True,SVR,2,20,3,1,25,3,22.063699435218936,20.212157858310974
True,SVR,2,20,3,1,25,4,31.149003749317,29.592436180562114
True,SVR,2,20,3,1,25,5,38.76343761447282,36.73984392845799
True,SVR,2,20,3,1,27,0,15.761733449226645,12.462287366003546
True,SVR,2,20,3,1,27,1,15.715715366896646,12.410132929375521
True,SVR,2,20,3,1,27,2,15.132277661806699,12.186043006173469
True,SVR,2,20,3,1,27,3,15.483205043330782,13.346114046705907
True,SVR,2,20,3,1,27,4,20.70748468959622,19.633021978924432
True,SVR,2,20,3,1,27,5,30.48174399501172,25.503151331336237
True,SVR,2,20,3,2,19,0,60.4579806090762,56.42795948168106
True,SVR,2,20,3,2,19,1,60.44399713995944,56.423482047362654
True,SVR,2,20,3,2,19,2,59.74643414226529,56.33504301236743
True,SVR,2,20,3,2,19,3,58.71932147261309,55.88445760552373
True,SVR,2,20,3,2,19,4,44.48911308381224,39.63830571746664
True,SVR,2,20,3,2,19,5,31.09682169177485,28.617947466974783
True,SVR,2,20,3,2,21,0,48.325373236438345,33.25226193712212
True,SVR,2,20,3,2,21,1,48.3234835793049,33.272619371221474
True,SVR,2,20,3,2,21,2,46.53987498594519,32.42407856096429
True,SVR,2,20,3,2,21,3,45.632426176361065,32.41336695483867
True,SVR,2,20,3,2,21,4,34.95386059986197,21.085417277773363
True,SVR,2,20,3,2,21,5,23.929786134911335,18.350691294049714
True,SVR,2,20,3,2,23,0,14.75008895866982,12.151870204395241
True,SVR,2,20,3,2,23,1,14.725328026404336,12.123702043952564
True,SVR,2,20,3,2,23,2,13.134578171672887,10.063291897723467
True,SVR,2,20,3,2,23,3,11.296605731266476,7.568886661166886
True,SVR,2,20,3,2,23,4,14.450821693013161,13.657795207057728
True,SVR,2,20,3,2,23,5,19.010504895497046,16.91114557077651
True,SVR,2,20,3,2,25,0,27.486860896917438,24.896849396041137
True,SVR,2,20,3,2,25,1,27.478000897445146,24.88805917780263
True,SVR,2,20,3,2,25,2,26.792990163540512,24.195644466233666
True,SVR,2,20,3,2,25,3,26.58870614527611,23.870608237484312
True,SVR,2,20,3,2,25,4,38.13363321711562,36.513986645323946
True,SVR,2,20,3,2,25,5,39.46150860733363,37.97424810905261
True,SVR,2,20,3,2,27,0,20.293715037771236,14.746084467097521
True,SVR,2,20,3,2,27,1,20.25889427847282,14.721558956689245
True,SVR,2,20,3,2,27,2,18.940182959048137,14.443390085445298
True,SVR,2,20,3,2,27,3,18.31976746510023,15.344382300773436
True,SVR,2,20,3,2,27,4,25.26340731977238,24.000421615365376
True,SVR,2,20,3,2,27,5,26.74577399537708,26.484907543796957
True,SVR,2,20,3,3,19,0,54.079200940222364,53.77044864561922
True,SVR,2,20,3,3,19,1,54.02939310916363,53.72082546657924
True,SVR,2,20,3,3,19,2,53.69150782078409,53.38998174057579
True,SVR,2,20,3,3,19,3,52.156128203973935,51.80891785128151
True,SVR,2,20,3,3,19,4,32.796504809412504,32.15235999655388
True,SVR,2,20,3,3,19,5,25.2768128510597,23.816300611450714
True,SVR,2,20,3,3,21,0,21.786573570925277,21.472102432635495
True,SVR,2,20,3,3,21,1,21.768478263244923,21.453973005641497
True,SVR,2,20,3,3,21,2,20.550013921057985,20.204659324590818
True,SVR,2,20,3,3,21,3,19.62648831181342,19.104535558007
True,SVR,2,20,3,3,21,4,7.59875304747637,6.755706017231013
True,SVR,2,20,3,3,21,5,17.84435553179554,16.0805389927641
True,SVR,2,20,3,3,23,0,9.3733569301749,8.007782113694303
True,SVR,2,20,3,3,23,1,9.36857337269169,8.000792922740073
True,SVR,2,20,3,3,23,2,7.743195878192139,6.256327042336021
True,SVR,2,20,3,3,23,3,5.364837423677503,3.856117466413385
True,SVR,2,20,3,3,23,4,16.38138805631805,15.694998182178656
True,SVR,2,20,3,3,23,5,22.42169501579485,21.91099170822717
True,SVR,2,20,3,3,25,0,28.834664764480266,28.46192629397723
True,SVR,2,20,3,3,25,1,28.851231200240754,28.479540377610874
True,SVR,2,20,3,3,25,2,30.85951470840417,30.5358493273468
True,SVR,2,20,3,3,25,3,31.908852816983227,31.603926703976764
True,SVR,2,20,3,3,25,4,46.95336795388036,46.660768138994534
True,SVR,2,20,3,3,25,5,51.46395878869991,50.87216211223919
True,SVR,2,20,3,3,27,0,16.971461508745826,15.576787546805932
True,SVR,2,20,3,3,27,1,16.95109927158204,15.559863380776491
True,SVR,2,20,3,3,27,2,17.669206672131953,16.721818129371428
True,SVR,2,20,3,3,27,3,19.36484039144658,18.892771720196592
True,SVR,2,20,3,3,27,4,28.837252518922874,28.42375757847078
True,SVR,2,20,3,3,27,5,36.81286674372579,36.44347778379143
True,SVR,2,20,3,4,19,0,56.38039036435453,54.32679120427499
True,SVR,2,20,3,4,19,1,56.37945823289328,54.33370213368399
True,SVR,2,20,3,4,19,2,56.18990450613116,54.61492589178507
True,SVR,2,20,3,4,19,3,55.851654481343374,54.89466085612193
True,SVR,2,20,3,4,19,4,45.16481266910695,44.455829203048104
True,SVR,2,20,3,4,19,5,59.23338080526688,52.02246488806923
True,SVR,2,20,3,4,21,0,23.823604674388974,22.812761594521337
True,SVR,2,20,3,4,21,1,23.833640265866926,22.83151084045919
True,SVR,2,20,3,4,21,2,23.608843090725557,23.06200763206931
True,SVR,2,20,3,4,21,3,23.538033708700404,23.106327439155717
True,SVR,2,20,3,4,21,4,10.747696973745333,8.728983672408534
True,SVR,2,20,3,4,21,5,26.198241782334538,19.371143429333387
True,SVR,2,20,3,4,23,0,18.224662506119348,17.26117666522994
True,SVR,2,20,3,4,23,1,18.198167665897838,17.226519883515838
True,SVR,2,20,3,4,23,2,16.521042552549897,14.558537300278521
True,SVR,2,20,3,4,23,3,14.033975291597178,11.042669736319331
True,SVR,2,20,3,4,23,4,7.2933754592366284,6.228398341526791
True,SVR,2,20,3,4,23,5,19.590628252366628,15.92034058047203
True,SVR,2,20,3,4,25,0,32.12830458146092,30.341699621967432
True,SVR,2,20,3,4,25,1,32.12618922973656,30.354496219674285
True,SVR,2,20,3,4,25,2,31.304443135835733,30.35606216008941
True,SVR,2,20,3,4,25,3,30.282146813537466,30.007001380588065
True,SVR,2,20,3,4,25,4,37.19898259501121,36.82633910858224
True,SVR,2,20,3,4,25,5,40.05165063693512,36.06617135389917
True,SVR,2,20,3,4,27,0,19.63502394429697,14.948521177893761
True,SVR,2,20,3,4,27,1,19.60073258837484,14.919038003866433
True,SVR,2,20,3,4,27,2,17.807568067803942,14.01980641635249
True,SVR,2,20,3,4,27,3,16.553475415420387,14.75094331237671
True,SVR,2,20,3,4,27,4,23.4214609315549,22.784917204662055
True,SVR,2,20,3,4,27,5,34.86243636123733,31.913555336946057
False,SVR,2,20,3,-1,19,5,25.08407542768093,24.326428603089756
False,SVR,2,20,3,-1,21,5,16.13384870680143,14.615074864035199
False,SVR,2,20,3,-1,23,5,17.498851243585943,16.4046299755797
False,SVR,2,20,3,-1,25,5,43.911985200702816,42.89857596528791
False,SVR,2,20,3,-1,27,5,26.93152823357685,24.236515105880645
True,SVR,2,20,4,0,19,0,56.71310326385985,55.583033345061445
True,SVR,2,20,4,0,19,1,56.693824873605585,55.56904803472665
True,SVR,2,20,4,0,19,2,56.39650752622248,55.67169014905023
True,SVR,2,20,4,0,19,3,55.32998192004207,54.91753302002908
True,SVR,2,20,4,0,19,4,38.235989881546395,36.5558382230796
True,SVR,2,20,4,0,19,5,35.20064042332082,34.210258954821484
True,SVR,2,20,4,0,21,0,23.092014662348994,20.276304733882014
True,SVR,2,20,4,0,21,1,23.047650364350503,20.235626390203468
True,SVR,2,20,4,0,21,2,22.52565417442293,19.468421135386652
True,SVR,2,20,4,0,21,3,22.390827865455197,18.770800171564815
True,SVR,2,20,4,0,21,4,8.157644600554717,7.382242627141885
True,SVR,2,20,4,0,21,5,15.921617520532807,14.397072168437406
True,SVR,2,20,4,0,23,0,11.944975697939313,9.650519123337313
True,SVR,2,20,4,0,23,1,11.90463118571479,9.618778189894806
True,SVR,2,20,4,0,23,2,9.536680530173635,7.68558977307289
True,SVR,2,20,4,0,23,3,6.520498162364597,4.950794021196358
True,SVR,2,20,4,0,23,4,12.942018961216837,11.214882490709153
True,SVR,2,20,4,0,23,5,18.62000907925714,17.681832563012247
True,SVR,2,20,4,0,25,0,28.252900984766644,27.53004667991168
True,SVR,2,20,4,0,25,1,28.273536752055804,27.55391356466035
True,SVR,2,20,4,0,25,2,29.07120832468692,28.45919185086797
True,SVR,2,20,4,0,25,3,30.229817887190574,29.344556886777486
True,SVR,2,20,4,0,25,4,43.2021192089747,42.60153552653826
True,SVR,2,20,4,0,25,5,49.96886994686949,44.964358459809624
True,SVR,2,20,4,0,27,0,15.856187654856187,12.366058396410997
True,SVR,2,20,4,0,27,1,15.837450407766077,12.356277241420957
True,SVR,2,20,4,0,27,2,15.007985942268766,12.108644991696261
True,SVR,2,20,4,0,27,3,18.084551966493592,15.761163899986409
True,SVR,2,20,4,0,27,4,25.83311121353904,24.875522228127494
True,SVR,2,20,4,0,27,5,40.936429284186055,39.3434108823704
True,SVR,2,20,4,1,19,0,50.03649027248652,49.030041566916765
True,SVR,2,20,4,1,19,1,50.034744143945346,49.03035638063002
True,SVR,2,20,4,1,19,2,50.18641724474494,49.331988415139215
True,SVR,2,20,4,1,19,3,48.85513172175521,48.13183338709766
True,SVR,2,20,4,1,19,4,33.36403252191655,32.121242102151925
True,SVR,2,20,4,1,19,5,27.813732018344968,24.433760104551006
True,SVR,2,20,4,1,21,0,20.178776038295595,18.549315257772907
True,SVR,2,20,4,1,21,1,20.121346313395367,18.50108736033787
True,SVR,2,20,4,1,21,2,19.504412871813685,17.63185611429816
True,SVR,2,20,4,1,21,3,17.662936675954867,15.416567637957604
True,SVR,2,20,4,1,21,4,6.371789743799807,4.6947012246523645
True,SVR,2,20,4,1,21,5,16.66860806385106,14.79075030868412
True,SVR,2,20,4,1,23,0,15.780072189381645,13.183656121003969
True,SVR,2,20,4,1,23,1,15.757713505313983,13.16645587224402
True,SVR,2,20,4,1,23,2,15.780938175870391,13.250700378533258
True,SVR,2,20,4,1,23,3,14.560676304630181,12.353929549664821
True,SVR,2,20,4,1,23,4,13.437131642953727,12.28254482432989
True,SVR,2,20,4,1,23,5,19.01612538692846,17.887593102724107
True,SVR,2,20,4,1,25,0,24.61751123673931,22.085194577595644
True,SVR,2,20,4,1,25,1,24.606827948779785,22.076945775956208
True,SVR,2,20,4,1,25,2,25.439723843177536,23.006607708100812
True,SVR,2,20,4,1,25,3,26.231123078074358,24.093391678331177
True,SVR,2,20,4,1,25,4,37.543692629933496,35.37848597978341
True,SVR,2,20,4,1,25,5,42.725157179504485,40.911915687495615
True,SVR,2,20,4,1,27,0,16.085490367167324,12.893178919132316
True,SVR,2,20,4,1,27,1,16.05880627525961,12.869289191323466
True,SVR,2,20,4,1,27,2,15.5714720094263,13.059885809785792
True,SVR,2,20,4,1,27,3,15.879769213159726,14.617470232201034
True,SVR,2,20,4,1,27,4,20.569210902705443,20.4411452598402
True,SVR,2,20,4,1,27,5,34.0792118614733,28.496473800592412
True,SVR,2,20,4,2,19,0,61.9461254992963,58.906833004477676
True,SVR,2,20,4,2,19,1,61.9256928739809,58.892605367332976
True,SVR,2,20,4,2,19,2,61.53896384057836,59.02414455289209
True,SVR,2,20,4,2,19,3,60.19285418249655,58.08022538646957
True,SVR,2,20,4,2,19,4,46.57948715493188,42.50550856543631
True,SVR,2,20,4,2,19,5,36.81618762699206,32.67746123875744
True,SVR,2,20,4,2,21,0,47.11454368212535,33.153622579551666
True,SVR,2,20,4,2,21,1,47.08520361475131,33.128617099864705
True,SVR,2,20,4,2,21,2,45.82184516036172,32.54484958832384
True,SVR,2,20,4,2,21,3,45.01155899329812,32.38957597855629
True,SVR,2,20,4,2,21,4,35.567828978145535,20.427685662086763
True,SVR,2,20,4,2,21,5,32.939286227100446,22.84963711912918
True,SVR,2,20,4,2,23,0,16.152029694916603,13.165158947141538
True,SVR,2,20,4,2,23,1,16.094168376610885,13.12431674414276
True,SVR,2,20,4,2,23,2,14.571376071909953,11.445364999356617
True,SVR,2,20,4,2,23,3,12.504003484717014,10.103532298510173
True,SVR,2,20,4,2,23,4,11.748584346708514,9.98881807501721
True,SVR,2,20,4,2,23,5,19.868304878566036,16.47749454180387
True,SVR,2,20,4,2,25,0,27.738186586631674,24.592960811383758
True,SVR,2,20,4,2,25,1,27.71271093137991,24.574815623718926
True,SVR,2,20,4,2,25,2,26.882801587444426,23.963245442389894
True,SVR,2,20,4,2,25,3,26.736355299286057,23.87848656521181
True,SVR,2,20,4,2,25,4,38.25566328843002,36.59750431023548
True,SVR,2,20,4,2,25,5,41.456095623520774,39.97533296500105
True,SVR,2,20,4,2,27,0,20.42192392254355,16.271239571527783
True,SVR,2,20,4,2,27,1,20.410529888830364,16.25985935307031
True,SVR,2,20,4,2,27,2,19.409125763038183,15.23842636449048
True,SVR,2,20,4,2,27,3,19.176360921427232,15.80700020232842
True,SVR,2,20,4,2,27,4,27.847564126588576,25.359136805102857
True,SVR,2,20,4,2,27,5,35.198270682627694,32.54506674067498
True,SVR,2,20,4,3,19,0,51.35875510284479,50.9117627376012
True,SVR,2,20,4,3,19,1,51.359085065283395,50.91308192146639
True,SVR,2,20,4,3,19,2,51.17137797974018,50.78497350227218
True,SVR,2,20,4,3,19,3,49.993292219677066,49.627380172183116
True,SVR,2,20,4,3,19,4,31.141882221379873,30.61127959667083
True,SVR,2,20,4,3,19,5,22.39113610007242,21.61371063118106
True,SVR,2,20,4,3,21,0,26.38607944600417,24.975384720038747
True,SVR,2,20,4,3,21,1,26.39030781254329,24.975275771816015
True,SVR,2,20,4,3,21,2,26.241976621939624,24.48616469686038
True,SVR,2,20,4,3,21,3,25.483144093735813,23.24761283987637
True,SVR,2,20,4,3,21,4,11.189072411811969,9.076273708372057
True,SVR,2,20,4,3,21,5,16.739951031303445,16.295951830964075
True,SVR,2,20,4,3,23,0,11.173982751376306,9.644348414193038
True,SVR,2,20,4,3,23,1,11.155184507818939,9.628360859938695
True,SVR,2,20,4,3,23,2,9.834088569459421,8.367107817233547
True,SVR,2,20,4,3,23,3,8.365154001232533,6.720628528229661
True,SVR,2,20,4,3,23,4,12.289363796609209,11.093303196536525
True,SVR,2,20,4,3,23,5,19.509251941961008,18.770380608226528
True,SVR,2,20,4,3,25,0,26.895733608217324,26.48546323983514
True,SVR,2,20,4,3,25,1,26.90893467287041,26.498076759843894
True,SVR,2,20,4,3,25,2,27.346243739907887,26.857339359636825
True,SVR,2,20,4,3,25,3,28.677643816648693,28.048490971236046
True,SVR,2,20,4,3,25,4,43.420155838013535,42.925258090164675
True,SVR,2,20,4,3,25,5,47.627420123237954,46.942811577540134
True,SVR,2,20,4,3,27,0,11.05151650144428,10.645992326946567
True,SVR,2,20,4,3,27,1,11.044273482626252,10.635329731817189
True,SVR,2,20,4,3,27,2,11.356285935724456,10.68176076915177
True,SVR,2,20,4,3,27,3,13.384932352733584,12.30415754908561
True,SVR,2,20,4,3,27,4,22.283249217505134,21.33049829852747
True,SVR,2,20,4,3,27,5,27.565143396333106,26.065476886084912
True,SVR,2,20,4,4,19,0,52.85455118220401,51.17179738647325
True,SVR,2,20,4,4,19,1,52.85581269558445,51.17807191057087
True,SVR,2,20,4,4,19,2,52.88144716254112,51.53417155922451
True,SVR,2,20,4,4,19,3,53.5905226890382,52.758946674079986
True,SVR,2,20,4,4,19,4,37.91286217619195,37.235051871933614
True,SVR,2,20,4,4,19,5,30.436234259587977,29.626835193497982
True,SVR,2,20,4,4,21,0,21.910594768097262,21.000792034094125
True,SVR,2,20,4,4,21,1,21.93562337313328,21.032920340941185
True,SVR,2,20,4,4,21,2,21.74688543145962,21.22799067507617
True,SVR,2,20,4,4,21,3,22.2893719675432,21.865754048345835
True,SVR,2,20,4,4,21,4,5.8097591940876505,5.424489600994934
True,SVR,2,20,4,4,21,5,12.515538257660724,8.884739495011901
True,SVR,2,20,4,4,23,0,15.719874147751566,14.023397497571288
True,SVR,2,20,4,4,23,1,15.68654924914075,13.9851077789441
True,SVR,2,20,4,4,23,2,14.425436583199767,11.919047488295114
True,SVR,2,20,4,4,23,3,12.682389913137683,8.352754214154954
True,SVR,2,20,4,4,23,4,10.441238772877096,9.354754411380954
True,SVR,2,20,4,4,23,5,15.695876618115344,12.889454019160167
True,SVR,2,20,4,4,25,0,33.125009879431055,30.88308430923387
True,SVR,2,20,4,4,25,1,33.11017962447739,30.87972063064591
True,SVR,2,20,4,4,25,2,31.96016280016085,30.30091157508822
True,SVR,2,20,4,4,25,3,30.61758541287217,29.608344827321343
True,SVR,2,20,4,4,25,4,43.151791586599856,42.34015793407534
True,SVR,2,20,4,4,25,5,48.9158195453489,47.70750811542217
True,SVR,2,20,4,4,27,0,21.50042802266839,18.519615468086933
True,SVR,2,20,4,4,27,1,21.48539311149998,18.50210387873032
True,SVR,2,20,4,4,27,2,19.524552272204932,16.7485546357368
True,SVR,2,20,4,4,27,3,16.722017898879603,14.296353094658267
True,SVR,2,20,4,4,27,4,26.667229848948413,24.46742448603028
True,SVR,2,20,4,4,27,5,29.847036804209033,27.390229555114683
False,SVR,2,20,4,-1,19,5,26.751260056895834,25.545350138733607
False,SVR,2,20,4,-1,21,5,16.676242608426275,14.522970712053393
False,SVR,2,20,4,-1,23,5,20.100954405844977,19.13881269070661
False,SVR,2,20,4,-1,25,5,49.48844881522609,47.979799548195
False,SVR,2,20,4,-1,27,5,28.04774440378874,24.829625064202617
True,SVR,2,20,5,0,19,0,51.40080031961562,49.26266060718167
True,SVR,2,20,5,0,19,1,51.39309919803645,49.264106071816414
True,SVR,2,20,5,0,19,2,50.63851338309289,49.09591810963728
True,SVR,2,20,5,0,19,3,49.89274764790568,48.89822137769272
True,SVR,2,20,5,0,19,4,34.77179470954583,32.85582257842664
True,SVR,2,20,5,0,19,5,29.7108249759697,26.569322698287102
True,SVR,2,20,5,0,21,0,17.37702278309194,15.682659328500625
True,SVR,2,20,5,0,21,1,17.313021874665417,15.629310676310485
True,SVR,2,20,5,0,21,2,16.818146912565467,16.009932173647215
True,SVR,2,20,5,0,21,3,16.62662639525068,15.74908818018543
True,SVR,2,20,5,0,21,4,10.8909726876073,10.18893901708904
True,SVR,2,20,5,0,21,5,17.440368359629566,16.105506369070913
True,SVR,2,20,5,0,23,0,18.512552933810866,15.981643854587446
True,SVR,2,20,5,0,23,1,18.47840442800892,15.9414385458745
True,SVR,2,20,5,0,23,2,16.1953972306488,13.277013243991519
True,SVR,2,20,5,0,23,3,11.841550054176425,9.417490885851477
True,SVR,2,20,5,0,23,4,13.160385944372477,10.528750478656518
True,SVR,2,20,5,0,23,5,19.50286905655162,18.04672586993494
True,SVR,2,20,5,0,25,0,30.80968848870041,27.033589902388282
True,SVR,2,20,5,0,25,1,30.77149947058105,27.012035387519045
True,SVR,2,20,5,0,25,2,30.98174526057257,28.02019433385362
True,SVR,2,20,5,0,25,3,30.80040799754749,28.94768975118005
True,SVR,2,20,5,0,25,4,41.771401869421645,40.952113592596575
True,SVR,2,20,5,0,25,5,46.54033166398573,43.96570940337966
True,SVR,2,20,5,0,27,0,20.527254927057896,15.309549091046613
True,SVR,2,20,5,0,27,1,20.496876099084233,15.281617721506834
True,SVR,2,20,5,0,27,2,19.576983076423527,15.855912853629738
True,SVR,2,20,5,0,27,3,18.775914309121244,17.557417380933863
True,SVR,2,20,5,0,27,4,27.364100978501153,26.770914384793148
True,SVR,2,20,5,0,27,5,34.01225064731795,30.662622096383576
True,SVR,2,20,5,1,19,0,49.10882960422547,47.93747515465001
True,SVR,2,20,5,1,19,1,49.08886243292209,47.92219642689682
True,SVR,2,20,5,1,19,2,49.071713378464736,48.241173608202025
True,SVR,2,20,5,1,19,3,48.43856962337078,47.934088310447066
True,SVR,2,20,5,1,19,4,32.194451896698965,31.877898749357247
True,SVR,2,20,5,1,19,5,23.44637337664294,23.089654146648474
True,SVR,2,20,5,1,21,0,28.41542921107072,27.310641376836003
True,SVR,2,20,5,1,21,1,28.44910153526068,27.34652806140426
True,SVR,2,20,5,1,21,2,29.571339872196504,28.491078806909318
True,SVR,2,20,5,1,21,3,29.24968054174309,27.985631034373494
True,SVR,2,20,5,1,21,4,11.674508798131606,9.060828701959226
True,SVR,2,20,5,1,21,5,10.687975125915335,9.483741995124582
True,SVR,2,20,5,1,23,0,10.098644344272632,8.914014699643205
True,SVR,2,20,5,1,23,1,10.06675995472259,8.883474666810105
True,SVR,2,20,5,1,23,2,8.740181354074698,7.2807325145382
True,SVR,2,20,5,1,23,3,7.608766111593481,5.886173883400841
True,SVR,2,20,5,1,23,4,10.252107903373807,9.502709287953897
True,SVR,2,20,5,1,23,5,13.939539700020699,13.369346179936812
True,SVR,2,20,5,1,25,0,29.327709231065707,28.234737748513425
True,SVR,2,20,5,1,25,1,29.28420425844099,28.197377485134467
True,SVR,2,20,5,1,25,2,28.939166183476004,28.259737021557413
True,SVR,2,20,5,1,25,3,26.97588368042784,26.439717677289305
True,SVR,2,20,5,1,25,4,37.54841290189496,37.2171027867014
True,SVR,2,20,5,1,25,5,40.78893532075167,40.34426899991712
True,SVR,2,20,5,1,27,0,14.285223143353502,11.820842873733717
True,SVR,2,20,5,1,27,1,14.273833040406975,11.818789699904245
True,SVR,2,20,5,1,27,2,13.224080954883167,11.162224792760503
True,SVR,2,20,5,1,27,3,13.254129965137567,11.338561579349339
True,SVR,2,20,5,1,27,4,20.272562764248256,18.928100888314457
True,SVR,2,20,5,1,27,5,23.612106323926124,21.893658911279385
True,SVR,2,20,5,2,19,0,59.86313635657859,55.34928154126316
True,SVR,2,20,5,2,19,1,59.86701628666634,55.3643569146075
True,SVR,2,20,5,2,19,2,59.211102248554184,55.47850286047265
True,SVR,2,20,5,2,19,3,57.23056002354472,54.24083587359289
True,SVR,2,20,5,2,19,4,43.50784386404751,38.34352923156078
True,SVR,2,20,5,2,19,5,30.541718101202505,27.315194614939532
True,SVR,2,20,5,2,21,0,48.54085415457562,32.38193365739452
True,SVR,2,20,5,2,21,1,48.509315735770585,32.35947731780769
True,SVR,2,20,5,2,21,2,46.57701764312031,30.842740008471157
True,SVR,2,20,5,2,21,3,43.24314448855171,28.851667553694213
True,SVR,2,20,5,2,21,4,34.24132447704498,22.262937102000972
True,SVR,2,20,5,2,21,5,26.507489261320252,21.162770921024894
True,SVR,2,20,5,2,23,0,11.730439053099895,10.57010863617445
True,SVR,2,20,5,2,23,1,11.728641961218381,10.563586361744374
True,SVR,2,20,5,2,23,2,10.596133683253429,9.055281315916226
True,SVR,2,20,5,2,23,3,11.4320527305438,8.547240036053294
True,SVR,2,20,5,2,23,4,14.347159007593785,13.831598833063577
True,SVR,2,20,5,2,23,5,19.001129754515848,17.60405341685362
True,SVR,2,20,5,2,25,0,26.471323139173403,24.804765181011675
True,SVR,2,20,5,2,25,1,26.4733952633157,24.815319739078188
True,SVR,2,20,5,2,25,2,25.630130325613766,24.422412883793697
True,SVR,2,20,5,2,25,3,25.26700887253697,24.1967515251125
True,SVR,2,20,5,2,25,4,35.681696920639915,34.7059223350261
True,SVR,2,20,5,2,25,5,39.1555223966554,37.93365308315124
True,SVR,2,20,5,2,27,0,19.77046329360022,15.692130707067008
True,SVR,2,20,5,2,27,1,19.773982534856067,15.67965868359273
True,SVR,2,20,5,2,27,2,18.014966849850204,14.42411866183449
True,SVR,2,20,5,2,27,3,16.25297707753704,13.244141497841076
True,SVR,2,20,5,2,27,4,21.450118507673764,19.79991590797198
True,SVR,2,20,5,2,27,5,21.021752210645445,20.16666151542611
True,SVR,2,20,5,3,19,0,57.72333803351987,57.690825442815935
True,SVR,2,20,5,3,19,1,57.72846462835527,57.69615539039665
True,SVR,2,20,5,3,19,2,57.122012349572074,57.089930812460715
True,SVR,2,20,5,3,19,3,54.76867805647351,54.68120131949394
True,SVR,2,20,5,3,19,4,36.86233807553772,36.64410601407769
True,SVR,2,20,5,3,19,5,28.204501782198633,27.436791038527407
True,SVR,2,20,5,3,21,0,24.7531800091892,24.294385386990015
True,SVR,2,20,5,3,21,1,24.74902777243138,24.290282441328397
True,SVR,2,20,5,3,21,2,23.249128428068556,22.730763308169326
True,SVR,2,20,5,3,21,3,21.759777168235807,21.04391288880289
True,SVR,2,20,5,3,21,4,7.018212879421595,5.647154195249428
True,SVR,2,20,5,3,21,5,15.979054107327444,14.3923215968367
True,SVR,2,20,5,3,23,0,15.1450626594715,12.103072335227154
True,SVR,2,20,5,3,23,1,15.13038765725594,12.084182553124696
True,SVR,2,20,5,3,23,2,13.095722813966836,9.831781574502426
True,SVR,2,20,5,3,23,3,11.368967467066877,7.606490175476499
True,SVR,2,20,5,3,23,4,12.608390218254867,11.677171927377708
True,SVR,2,20,5,3,23,5,17.53271903134582,15.233121466847757
True,SVR,2,20,5,3,25,0,26.54765820735166,24.827211604568504
True,SVR,2,20,5,3,25,1,26.58235831545356,24.850910426895066
True,SVR,2,20,5,3,25,2,27.479495619001035,25.328674314757716
True,SVR,2,20,5,3,25,3,28.43875271386643,25.868744502066345
True,SVR,2,20,5,3,25,4,40.42886449328171,38.6063838292882
True,SVR,2,20,5,3,25,5,46.9336144013492,44.820109063009255
True,SVR,2,20,5,3,27,0,14.719724052701356,11.588197986858129
True,SVR,2,20,5,3,27,1,14.751108961734325,11.636145523134203
True,SVR,2,20,5,3,27,2,15.823940762070846,13.50933749694
True,SVR,2,20,5,3,27,3,17.224921989210046,15.626617722258516
True,SVR,2,20,5,3,27,4,25.839519171243534,24.816812423388132
True,SVR,2,20,5,3,27,5,31.533683999302372,30.536261844791355
True,SVR,2,20,5,4,19,0,52.45224518938614,52.14291396158114
True,SVR,2,20,5,4,19,1,52.44965636481809,52.14163961581141
True,SVR,2,20,5,4,19,2,52.3980822956388,52.152693739570736
True,SVR,2,20,5,4,19,3,52.78100045579997,52.45396022272976
True,SVR,2,20,5,4,19,4,38.56572767925805,37.717432416991585
True,SVR,2,20,5,4,19,5,29.238205316283835,27.82136185446033
True,SVR,2,20,5,4,21,0,21.87926423259216,19.838621354521013
True,SVR,2,20,5,4,21,1,21.883928204618837,19.84554949659107
True,SVR,2,20,5,4,21,2,21.560351703238037,19.741044944879928
True,SVR,2,20,5,4,21,3,21.012585860139726,19.39586320904274
True,SVR,2,20,5,4,21,4,7.790915741865527,6.815999486470884
True,SVR,2,20,5,4,21,5,14.7014991590479,13.76406008553952
True,SVR,2,20,5,4,23,0,10.958987958101854,8.603061522342983
True,SVR,2,20,5,4,23,1,10.956172808528159,8.59222737562205
True,SVR,2,20,5,4,23,2,9.918420517756775,8.090049252534746
True,SVR,2,20,5,4,23,3,9.405089145258822,8.37069323656645
True,SVR,2,20,5,4,23,4,9.247641365403995,7.880407839532346
True,SVR,2,20,5,4,23,5,15.750542000565243,14.327286263962124
True,SVR,2,20,5,4,25,0,26.889642175784562,26.064739328278666
True,SVR,2,20,5,4,25,1,26.874429042713743,26.055910536582548
True,SVR,2,20,5,4,25,2,26.407629533014468,25.95079538411711
True,SVR,2,20,5,4,25,3,25.855817665141032,25.53249435503093
True,SVR,2,20,5,4,25,4,36.22202653755223,35.86052238340337
True,SVR,2,20,5,4,25,5,39.73753773652403,38.8778679228126
True,SVR,2,20,5,4,27,0,19.33707591769824,17.2328966280906
True,SVR,2,20,5,4,27,1,19.360461635629374,17.25853410874636
True,SVR,2,20,5,4,27,2,18.675008573676298,16.8685044994841
True,SVR,2,20,5,4,27,3,18.80730158582299,17.024152141653307
True,SVR,2,20,5,4,27,4,26.156176261032925,23.118111509392445
True,SVR,2,20,5,4,27,5,27.54286400487055,24.357995244316346
False,SVR,2,20,5,-1,19,5,35.10039856716359,31.59416569865976
False,SVR,2,20,5,-1,21,5,15.100630970091894,13.170754260956173
False,SVR,2,20,5,-1,23,5,14.636379197464183,13.587567167351338
False,SVR,2,20,5,-1,25,5,50.06029389843768,49.72691683383342
False,SVR,2,20,5,-1,27,5,31.65937359833545,31.108831223794102
